1	2007-08-16	16	228	Viernes	5	Agosto	8	2007
2	2007-08-17	17	229	Sábado	6	Agosto	8	2007
3	2007-08-18	18	230	Domingo	7	Agosto	8	2007
4	2007-08-19	19	231	Lunes	1	Agosto	8	2007
5	2007-08-20	20	232	Martes	2	Agosto	8	2007
6	2007-08-21	21	233	Miércoles	3	Agosto	8	2007
7	2007-08-22	22	234	Jueves	4	Agosto	8	2007
8	2007-08-23	23	235	Viernes	5	Agosto	8	2007
9	2007-08-24	24	236	Sábado	6	Agosto	8	2007
10	2007-08-25	25	237	Domingo	7	Agosto	8	2007
11	2007-08-26	26	238	Lunes	1	Agosto	8	2007
12	2007-08-27	27	239	Martes	2	Agosto	8	2007
13	2007-08-28	28	240	Miércoles	3	Agosto	8	2007
14	2007-08-29	29	241	Jueves	4	Agosto	8	2007
15	2007-08-30	30	242	Viernes	5	Agosto	8	2007
16	2007-08-31	31	243	Sábado	6	Agosto	8	2007
17	2007-09-01	1	244	Domingo	7	Septiembre	9	2007
18	2007-09-02	2	245	Lunes	1	Septiembre	9	2007
19	2007-09-03	3	246	Martes	2	Septiembre	9	2007
20	2007-09-04	4	247	Miércoles	3	Septiembre	9	2007
21	2007-09-05	5	248	Jueves	4	Septiembre	9	2007
22	2007-09-06	6	249	Viernes	5	Septiembre	9	2007
23	2007-09-07	7	250	Sábado	6	Septiembre	9	2007
24	2007-09-08	8	251	Domingo	7	Septiembre	9	2007
25	2007-09-09	9	252	Lunes	1	Septiembre	9	2007
26	2007-09-10	10	253	Martes	2	Septiembre	9	2007
27	2007-09-11	11	254	Miércoles	3	Septiembre	9	2007
28	2007-09-12	12	255	Jueves	4	Septiembre	9	2007
29	2007-09-13	13	256	Viernes	5	Septiembre	9	2007
30	2007-09-14	14	257	Sábado	6	Septiembre	9	2007
31	2007-09-15	15	258	Domingo	7	Septiembre	9	2007
32	2007-09-16	16	259	Lunes	1	Septiembre	9	2007
33	2007-09-17	17	260	Martes	2	Septiembre	9	2007
34	2007-09-18	18	261	Miércoles	3	Septiembre	9	2007
35	2007-09-19	19	262	Jueves	4	Septiembre	9	2007
36	2007-09-20	20	263	Viernes	5	Septiembre	9	2007
37	2007-09-21	21	264	Sábado	6	Septiembre	9	2007
38	2007-09-22	22	265	Domingo	7	Septiembre	9	2007
39	2007-09-23	23	266	Lunes	1	Septiembre	9	2007
40	2007-09-24	24	267	Martes	2	Septiembre	9	2007
41	2007-09-25	25	268	Miércoles	3	Septiembre	9	2007
42	2007-09-26	26	269	Jueves	4	Septiembre	9	2007
43	2007-09-27	27	270	Viernes	5	Septiembre	9	2007
44	2007-09-28	28	271	Sábado	6	Septiembre	9	2007
45	2007-09-29	29	272	Domingo	7	Septiembre	9	2007
46	2007-09-30	30	273	Lunes	1	Septiembre	9	2007
47	2007-10-01	1	274	Martes	2	Octubre	10	2007
48	2007-10-02	2	275	Miércoles	3	Octubre	10	2007
49	2007-10-03	3	276	Jueves	4	Octubre	10	2007
50	2007-10-04	4	277	Viernes	5	Octubre	10	2007
51	2007-10-05	5	278	Sábado	6	Octubre	10	2007
52	2007-10-06	6	279	Domingo	7	Octubre	10	2007
53	2007-10-07	7	280	Lunes	1	Octubre	10	2007
54	2007-10-08	8	281	Martes	2	Octubre	10	2007
55	2007-10-09	9	282	Miércoles	3	Octubre	10	2007
56	2007-10-10	10	283	Jueves	4	Octubre	10	2007
57	2007-10-11	11	284	Viernes	5	Octubre	10	2007
58	2007-10-12	12	285	Sábado	6	Octubre	10	2007
59	2007-10-13	13	286	Domingo	7	Octubre	10	2007
60	2007-10-14	14	287	Lunes	1	Octubre	10	2007
61	2007-10-15	15	288	Martes	2	Octubre	10	2007
62	2007-10-16	16	289	Miércoles	3	Octubre	10	2007
63	2007-10-17	17	290	Jueves	4	Octubre	10	2007
64	2007-10-18	18	291	Viernes	5	Octubre	10	2007
65	2007-10-19	19	292	Sábado	6	Octubre	10	2007
66	2007-10-20	20	293	Domingo	7	Octubre	10	2007
67	2007-10-21	21	294	Lunes	1	Octubre	10	2007
68	2007-10-22	22	295	Martes	2	Octubre	10	2007
69	2007-10-23	23	296	Miércoles	3	Octubre	10	2007
70	2007-10-24	24	297	Jueves	4	Octubre	10	2007
71	2007-10-25	25	298	Viernes	5	Octubre	10	2007
72	2007-10-26	26	299	Sábado	6	Octubre	10	2007
73	2007-10-27	27	300	Domingo	7	Octubre	10	2007
74	2007-10-28	28	301	Lunes	1	Octubre	10	2007
75	2007-10-29	29	302	Martes	2	Octubre	10	2007
76	2007-10-30	30	303	Miércoles	3	Octubre	10	2007
77	2007-10-31	31	304	Jueves	4	Octubre	10	2007
78	2007-11-01	1	305	Viernes	5	Noviembre	11	2007
79	2007-11-02	2	306	Sábado	6	Noviembre	11	2007
80	2007-11-03	3	307	Domingo	7	Noviembre	11	2007
81	2007-11-04	4	308	Lunes	1	Noviembre	11	2007
82	2007-11-05	5	309	Martes	2	Noviembre	11	2007
83	2007-11-06	6	310	Miércoles	3	Noviembre	11	2007
84	2007-11-07	7	311	Jueves	4	Noviembre	11	2007
85	2007-11-08	8	312	Viernes	5	Noviembre	11	2007
86	2007-11-09	9	313	Sábado	6	Noviembre	11	2007
87	2007-11-10	10	314	Domingo	7	Noviembre	11	2007
88	2007-11-11	11	315	Lunes	1	Noviembre	11	2007
89	2007-11-12	12	316	Martes	2	Noviembre	11	2007
90	2007-11-13	13	317	Miércoles	3	Noviembre	11	2007
91	2007-11-14	14	318	Jueves	4	Noviembre	11	2007
92	2007-11-15	15	319	Viernes	5	Noviembre	11	2007
93	2007-11-16	16	320	Sábado	6	Noviembre	11	2007
94	2007-11-17	17	321	Domingo	7	Noviembre	11	2007
95	2007-11-18	18	322	Lunes	1	Noviembre	11	2007
96	2007-11-19	19	323	Martes	2	Noviembre	11	2007
97	2007-11-20	20	324	Miércoles	3	Noviembre	11	2007
98	2007-11-21	21	325	Jueves	4	Noviembre	11	2007
99	2007-11-22	22	326	Viernes	5	Noviembre	11	2007
100	2007-11-23	23	327	Sábado	6	Noviembre	11	2007
101	2007-11-24	24	328	Domingo	7	Noviembre	11	2007
102	2007-11-25	25	329	Lunes	1	Noviembre	11	2007
103	2007-11-26	26	330	Martes	2	Noviembre	11	2007
104	2007-11-27	27	331	Miércoles	3	Noviembre	11	2007
105	2007-11-28	28	332	Jueves	4	Noviembre	11	2007
106	2007-11-29	29	333	Viernes	5	Noviembre	11	2007
107	2007-11-30	30	334	Sábado	6	Noviembre	11	2007
108	2007-12-01	1	335	Domingo	7	Diciembre	12	2007
109	2007-12-02	2	336	Lunes	1	Diciembre	12	2007
110	2007-12-03	3	337	Martes	2	Diciembre	12	2007
111	2007-12-04	4	338	Miércoles	3	Diciembre	12	2007
112	2007-12-05	5	339	Jueves	4	Diciembre	12	2007
113	2007-12-06	6	340	Viernes	5	Diciembre	12	2007
114	2007-12-07	7	341	Sábado	6	Diciembre	12	2007
115	2007-12-08	8	342	Domingo	7	Diciembre	12	2007
116	2007-12-09	9	343	Lunes	1	Diciembre	12	2007
117	2007-12-10	10	344	Martes	2	Diciembre	12	2007
118	2007-12-11	11	345	Miércoles	3	Diciembre	12	2007
119	2007-12-12	12	346	Jueves	4	Diciembre	12	2007
120	2007-12-13	13	347	Viernes	5	Diciembre	12	2007
121	2007-12-14	14	348	Sábado	6	Diciembre	12	2007
122	2007-12-15	15	349	Domingo	7	Diciembre	12	2007
123	2007-12-16	16	350	Lunes	1	Diciembre	12	2007
124	2007-12-17	17	351	Martes	2	Diciembre	12	2007
125	2007-12-18	18	352	Miércoles	3	Diciembre	12	2007
126	2007-12-19	19	353	Jueves	4	Diciembre	12	2007
127	2007-12-20	20	354	Viernes	5	Diciembre	12	2007
128	2007-12-21	21	355	Sábado	6	Diciembre	12	2007
129	2007-12-22	22	356	Domingo	7	Diciembre	12	2007
130	2007-12-23	23	357	Lunes	1	Diciembre	12	2007
131	2007-12-24	24	358	Martes	2	Diciembre	12	2007
132	2007-12-25	25	359	Miércoles	3	Diciembre	12	2007
133	2007-12-26	26	360	Jueves	4	Diciembre	12	2007
134	2007-12-27	27	361	Viernes	5	Diciembre	12	2007
135	2007-12-28	28	362	Sábado	6	Diciembre	12	2007
136	2007-12-29	29	363	Domingo	7	Diciembre	12	2007
137	2007-12-30	30	364	Lunes	1	Diciembre	12	2007
138	2007-12-31	31	365	Martes	2	Diciembre	12	2007
139	2008-01-01	1	1	Miércoles	3	Enero	1	2008
140	2008-01-02	2	2	Jueves	4	Enero	1	2008
141	2008-01-03	3	3	Viernes	5	Enero	1	2008
142	2008-01-04	4	4	Sábado	6	Enero	1	2008
143	2008-01-05	5	5	Domingo	7	Enero	1	2008
144	2008-01-06	6	6	Lunes	1	Enero	1	2008
145	2008-01-07	7	7	Martes	2	Enero	1	2008
146	2008-01-08	8	8	Miércoles	3	Enero	1	2008
147	2008-01-09	9	9	Jueves	4	Enero	1	2008
148	2008-01-10	10	10	Viernes	5	Enero	1	2008
149	2008-01-11	11	11	Sábado	6	Enero	1	2008
150	2008-01-12	12	12	Domingo	7	Enero	1	2008
151	2008-01-13	13	13	Lunes	1	Enero	1	2008
152	2008-01-14	14	14	Martes	2	Enero	1	2008
153	2008-01-15	15	15	Miércoles	3	Enero	1	2008
154	2008-01-16	16	16	Jueves	4	Enero	1	2008
155	2008-01-17	17	17	Viernes	5	Enero	1	2008
156	2008-01-18	18	18	Sábado	6	Enero	1	2008
157	2008-01-19	19	19	Domingo	7	Enero	1	2008
158	2008-01-20	20	20	Lunes	1	Enero	1	2008
159	2008-01-21	21	21	Martes	2	Enero	1	2008
160	2008-01-22	22	22	Miércoles	3	Enero	1	2008
161	2008-01-23	23	23	Jueves	4	Enero	1	2008
162	2008-01-24	24	24	Viernes	5	Enero	1	2008
163	2008-01-25	25	25	Sábado	6	Enero	1	2008
164	2008-01-26	26	26	Domingo	7	Enero	1	2008
165	2008-01-27	27	27	Lunes	1	Enero	1	2008
166	2008-01-28	28	28	Martes	2	Enero	1	2008
167	2008-01-29	29	29	Miércoles	3	Enero	1	2008
168	2008-01-30	30	30	Jueves	4	Enero	1	2008
169	2008-01-31	31	31	Viernes	5	Enero	1	2008
170	2008-02-01	1	32	Sábado	6	Febrero	2	2008
171	2008-02-02	2	33	Domingo	7	Febrero	2	2008
172	2008-02-03	3	34	Lunes	1	Febrero	2	2008
173	2008-02-04	4	35	Martes	2	Febrero	2	2008
174	2008-02-05	5	36	Miércoles	3	Febrero	2	2008
175	2008-02-06	6	37	Jueves	4	Febrero	2	2008
176	2008-02-07	7	38	Viernes	5	Febrero	2	2008
177	2008-02-08	8	39	Sábado	6	Febrero	2	2008
178	2008-02-09	9	40	Domingo	7	Febrero	2	2008
179	2008-02-10	10	41	Lunes	1	Febrero	2	2008
180	2008-02-11	11	42	Martes	2	Febrero	2	2008
181	2008-02-12	12	43	Miércoles	3	Febrero	2	2008
182	2008-02-13	13	44	Jueves	4	Febrero	2	2008
183	2008-02-14	14	45	Viernes	5	Febrero	2	2008
184	2008-02-15	15	46	Sábado	6	Febrero	2	2008
185	2008-02-16	16	47	Domingo	7	Febrero	2	2008
186	2008-02-17	17	48	Lunes	1	Febrero	2	2008
187	2008-02-18	18	49	Martes	2	Febrero	2	2008
188	2008-02-19	19	50	Miércoles	3	Febrero	2	2008
189	2008-02-20	20	51	Jueves	4	Febrero	2	2008
190	2008-02-21	21	52	Viernes	5	Febrero	2	2008
191	2008-02-22	22	53	Sábado	6	Febrero	2	2008
192	2008-02-23	23	54	Domingo	7	Febrero	2	2008
193	2008-02-24	24	55	Lunes	1	Febrero	2	2008
194	2008-02-25	25	56	Martes	2	Febrero	2	2008
195	2008-02-26	26	57	Miércoles	3	Febrero	2	2008
196	2008-02-27	27	58	Jueves	4	Febrero	2	2008
197	2008-02-28	28	59	Viernes	5	Febrero	2	2008
198	2008-02-29	29	60	Sábado	6	Febrero	2	2008
199	2008-03-01	1	61	Domingo	7	Marzo	3	2008
200	2008-03-02	2	62	Lunes	1	Marzo	3	2008
201	2008-03-03	3	63	Martes	2	Marzo	3	2008
202	2008-03-04	4	64	Miércoles	3	Marzo	3	2008
203	2008-03-05	5	65	Jueves	4	Marzo	3	2008
204	2008-03-06	6	66	Viernes	5	Marzo	3	2008
205	2008-03-07	7	67	Sábado	6	Marzo	3	2008
206	2008-03-08	8	68	Domingo	7	Marzo	3	2008
207	2008-03-09	9	69	Lunes	1	Marzo	3	2008
208	2008-03-10	10	70	Martes	2	Marzo	3	2008
209	2008-03-11	11	71	Miércoles	3	Marzo	3	2008
210	2008-03-12	12	72	Jueves	4	Marzo	3	2008
211	2008-03-13	13	73	Viernes	5	Marzo	3	2008
212	2008-03-14	14	74	Sábado	6	Marzo	3	2008
213	2008-03-15	15	75	Domingo	7	Marzo	3	2008
214	2008-03-16	16	76	Lunes	1	Marzo	3	2008
215	2008-03-17	17	77	Martes	2	Marzo	3	2008
216	2008-03-18	18	78	Miércoles	3	Marzo	3	2008
217	2008-03-19	19	79	Jueves	4	Marzo	3	2008
218	2008-03-20	20	80	Viernes	5	Marzo	3	2008
219	2008-03-21	21	81	Sábado	6	Marzo	3	2008
220	2008-03-22	22	82	Domingo	7	Marzo	3	2008
221	2008-03-23	23	83	Lunes	1	Marzo	3	2008
222	2008-03-24	24	84	Martes	2	Marzo	3	2008
223	2008-03-25	25	85	Miércoles	3	Marzo	3	2008
224	2008-03-26	26	86	Jueves	4	Marzo	3	2008
225	2008-03-27	27	87	Viernes	5	Marzo	3	2008
226	2008-03-28	28	88	Sábado	6	Marzo	3	2008
227	2008-03-29	29	89	Domingo	7	Marzo	3	2008
228	2008-03-30	30	90	Lunes	1	Marzo	3	2008
229	2008-03-31	31	91	Martes	2	Marzo	3	2008
230	2008-04-01	1	92	Miércoles	3	Abril	4	2008
231	2008-04-02	2	93	Jueves	4	Abril	4	2008
232	2008-04-03	3	94	Viernes	5	Abril	4	2008
233	2008-04-04	4	95	Sábado	6	Abril	4	2008
234	2008-04-05	5	96	Domingo	7	Abril	4	2008
235	2008-04-06	6	97	Lunes	1	Abril	4	2008
236	2008-04-07	7	98	Martes	2	Abril	4	2008
237	2008-04-08	8	99	Miércoles	3	Abril	4	2008
238	2008-04-09	9	100	Jueves	4	Abril	4	2008
239	2008-04-10	10	101	Viernes	5	Abril	4	2008
240	2008-04-11	11	102	Sábado	6	Abril	4	2008
241	2008-04-12	12	103	Domingo	7	Abril	4	2008
242	2008-04-13	13	104	Lunes	1	Abril	4	2008
243	2008-04-14	14	105	Martes	2	Abril	4	2008
244	2008-04-15	15	106	Miércoles	3	Abril	4	2008
245	2008-04-16	16	107	Jueves	4	Abril	4	2008
246	2008-04-17	17	108	Viernes	5	Abril	4	2008
247	2008-04-18	18	109	Sábado	6	Abril	4	2008
248	2008-04-19	19	110	Domingo	7	Abril	4	2008
249	2008-04-20	20	111	Lunes	1	Abril	4	2008
250	2008-04-21	21	112	Martes	2	Abril	4	2008
251	2008-04-22	22	113	Miércoles	3	Abril	4	2008
252	2008-04-23	23	114	Jueves	4	Abril	4	2008
253	2008-04-24	24	115	Viernes	5	Abril	4	2008
254	2008-04-25	25	116	Sábado	6	Abril	4	2008
255	2008-04-26	26	117	Domingo	7	Abril	4	2008
256	2008-04-27	27	118	Lunes	1	Abril	4	2008
257	2008-04-28	28	119	Martes	2	Abril	4	2008
258	2008-04-29	29	120	Miércoles	3	Abril	4	2008
259	2008-04-30	30	121	Jueves	4	Abril	4	2008
260	2008-05-01	1	122	Viernes	5	Mayo	5	2008
261	2008-05-02	2	123	Sábado	6	Mayo	5	2008
262	2008-05-03	3	124	Domingo	7	Mayo	5	2008
263	2008-05-04	4	125	Lunes	1	Mayo	5	2008
264	2008-05-05	5	126	Martes	2	Mayo	5	2008
265	2008-05-06	6	127	Miércoles	3	Mayo	5	2008
266	2008-05-07	7	128	Jueves	4	Mayo	5	2008
267	2008-05-08	8	129	Viernes	5	Mayo	5	2008
268	2008-05-09	9	130	Sábado	6	Mayo	5	2008
269	2008-05-10	10	131	Domingo	7	Mayo	5	2008
270	2008-05-11	11	132	Lunes	1	Mayo	5	2008
271	2008-05-12	12	133	Martes	2	Mayo	5	2008
272	2008-05-13	13	134	Miércoles	3	Mayo	5	2008
273	2008-05-14	14	135	Jueves	4	Mayo	5	2008
274	2008-05-15	15	136	Viernes	5	Mayo	5	2008
275	2008-05-16	16	137	Sábado	6	Mayo	5	2008
276	2008-05-17	17	138	Domingo	7	Mayo	5	2008
277	2008-05-18	18	139	Lunes	1	Mayo	5	2008
278	2008-05-19	19	140	Martes	2	Mayo	5	2008
279	2008-05-20	20	141	Miércoles	3	Mayo	5	2008
280	2008-05-21	21	142	Jueves	4	Mayo	5	2008
281	2008-05-22	22	143	Viernes	5	Mayo	5	2008
282	2008-05-23	23	144	Sábado	6	Mayo	5	2008
283	2008-05-24	24	145	Domingo	7	Mayo	5	2008
284	2008-05-25	25	146	Lunes	1	Mayo	5	2008
285	2008-05-26	26	147	Martes	2	Mayo	5	2008
286	2008-05-27	27	148	Miércoles	3	Mayo	5	2008
287	2008-05-28	28	149	Jueves	4	Mayo	5	2008
288	2008-05-29	29	150	Viernes	5	Mayo	5	2008
289	2008-05-30	30	151	Sábado	6	Mayo	5	2008
290	2008-05-31	31	152	Domingo	7	Mayo	5	2008
291	2008-06-01	1	153	Lunes	1	Junio	6	2008
292	2008-06-02	2	154	Martes	2	Junio	6	2008
293	2008-06-03	3	155	Miércoles	3	Junio	6	2008
294	2008-06-04	4	156	Jueves	4	Junio	6	2008
295	2008-06-05	5	157	Viernes	5	Junio	6	2008
296	2008-06-06	6	158	Sábado	6	Junio	6	2008
297	2008-06-07	7	159	Domingo	7	Junio	6	2008
298	2008-06-08	8	160	Lunes	1	Junio	6	2008
299	2008-06-09	9	161	Martes	2	Junio	6	2008
300	2008-06-10	10	162	Miércoles	3	Junio	6	2008
301	2008-06-11	11	163	Jueves	4	Junio	6	2008
302	2008-06-12	12	164	Viernes	5	Junio	6	2008
303	2008-06-13	13	165	Sábado	6	Junio	6	2008
304	2008-06-14	14	166	Domingo	7	Junio	6	2008
305	2008-06-15	15	167	Lunes	1	Junio	6	2008
306	2008-06-16	16	168	Martes	2	Junio	6	2008
307	2008-06-17	17	169	Miércoles	3	Junio	6	2008
308	2008-06-18	18	170	Jueves	4	Junio	6	2008
309	2008-06-19	19	171	Viernes	5	Junio	6	2008
310	2008-06-20	20	172	Sábado	6	Junio	6	2008
311	2008-06-21	21	173	Domingo	7	Junio	6	2008
312	2008-06-22	22	174	Lunes	1	Junio	6	2008
313	2008-06-23	23	175	Martes	2	Junio	6	2008
314	2008-06-24	24	176	Miércoles	3	Junio	6	2008
315	2008-06-25	25	177	Jueves	4	Junio	6	2008
316	2008-06-26	26	178	Viernes	5	Junio	6	2008
317	2008-06-27	27	179	Sábado	6	Junio	6	2008
318	2008-06-28	28	180	Domingo	7	Junio	6	2008
319	2008-06-29	29	181	Lunes	1	Junio	6	2008
320	2008-06-30	30	182	Martes	2	Junio	6	2008
321	2008-07-01	1	183	Miércoles	3	Julio	7	2008
322	2008-07-02	2	184	Jueves	4	Julio	7	2008
323	2008-07-03	3	185	Viernes	5	Julio	7	2008
324	2008-07-04	4	186	Sábado	6	Julio	7	2008
325	2008-07-05	5	187	Domingo	7	Julio	7	2008
326	2008-07-06	6	188	Lunes	1	Julio	7	2008
327	2008-07-07	7	189	Martes	2	Julio	7	2008
328	2008-07-08	8	190	Miércoles	3	Julio	7	2008
329	2008-07-09	9	191	Jueves	4	Julio	7	2008
330	2008-07-10	10	192	Viernes	5	Julio	7	2008
331	2008-07-11	11	193	Sábado	6	Julio	7	2008
332	2008-07-12	12	194	Domingo	7	Julio	7	2008
333	2008-07-13	13	195	Lunes	1	Julio	7	2008
334	2008-07-14	14	196	Martes	2	Julio	7	2008
335	2008-07-15	15	197	Miércoles	3	Julio	7	2008
336	2008-07-16	16	198	Jueves	4	Julio	7	2008
337	2008-07-17	17	199	Viernes	5	Julio	7	2008
338	2008-07-18	18	200	Sábado	6	Julio	7	2008
339	2008-07-19	19	201	Domingo	7	Julio	7	2008
340	2008-07-20	20	202	Lunes	1	Julio	7	2008
341	2008-07-21	21	203	Martes	2	Julio	7	2008
342	2008-07-22	22	204	Miércoles	3	Julio	7	2008
343	2008-07-23	23	205	Jueves	4	Julio	7	2008
344	2008-07-24	24	206	Viernes	5	Julio	7	2008
345	2008-07-25	25	207	Sábado	6	Julio	7	2008
346	2008-07-26	26	208	Domingo	7	Julio	7	2008
347	2008-07-27	27	209	Lunes	1	Julio	7	2008
348	2008-07-28	28	210	Martes	2	Julio	7	2008
349	2008-07-29	29	211	Miércoles	3	Julio	7	2008
350	2008-07-30	30	212	Jueves	4	Julio	7	2008
351	2008-07-31	31	213	Viernes	5	Julio	7	2008
352	2008-08-01	1	214	Sábado	6	Agosto	8	2008
353	2008-08-02	2	215	Domingo	7	Agosto	8	2008
354	2008-08-03	3	216	Lunes	1	Agosto	8	2008
355	2008-08-04	4	217	Martes	2	Agosto	8	2008
356	2008-08-05	5	218	Miércoles	3	Agosto	8	2008
357	2008-08-06	6	219	Jueves	4	Agosto	8	2008
358	2008-08-07	7	220	Viernes	5	Agosto	8	2008
359	2008-08-08	8	221	Sábado	6	Agosto	8	2008
360	2008-08-09	9	222	Domingo	7	Agosto	8	2008
361	2008-08-10	10	223	Lunes	1	Agosto	8	2008
362	2008-08-11	11	224	Martes	2	Agosto	8	2008
363	2008-08-12	12	225	Miércoles	3	Agosto	8	2008
364	2008-08-13	13	226	Jueves	4	Agosto	8	2008
365	2008-08-14	14	227	Viernes	5	Agosto	8	2008
366	2008-08-15	15	228	Sábado	6	Agosto	8	2008
367	2008-08-16	16	229	Domingo	7	Agosto	8	2008
368	2008-08-17	17	230	Lunes	1	Agosto	8	2008
369	2008-08-18	18	231	Martes	2	Agosto	8	2008
370	2008-08-19	19	232	Miércoles	3	Agosto	8	2008
371	2008-08-20	20	233	Jueves	4	Agosto	8	2008
372	2008-08-21	21	234	Viernes	5	Agosto	8	2008
373	2008-08-22	22	235	Sábado	6	Agosto	8	2008
374	2008-08-23	23	236	Domingo	7	Agosto	8	2008
375	2008-08-24	24	237	Lunes	1	Agosto	8	2008
376	2008-08-25	25	238	Martes	2	Agosto	8	2008
377	2008-08-26	26	239	Miércoles	3	Agosto	8	2008
378	2008-08-27	27	240	Jueves	4	Agosto	8	2008
379	2008-08-28	28	241	Viernes	5	Agosto	8	2008
380	2008-08-29	29	242	Sábado	6	Agosto	8	2008
381	2008-08-30	30	243	Domingo	7	Agosto	8	2008
382	2008-08-31	31	244	Lunes	1	Agosto	8	2008
383	2008-09-01	1	245	Martes	2	Septiembre	9	2008
384	2008-09-02	2	246	Miércoles	3	Septiembre	9	2008
385	2008-09-03	3	247	Jueves	4	Septiembre	9	2008
386	2008-09-04	4	248	Viernes	5	Septiembre	9	2008
387	2008-09-05	5	249	Sábado	6	Septiembre	9	2008
388	2008-09-06	6	250	Domingo	7	Septiembre	9	2008
389	2008-09-07	7	251	Lunes	1	Septiembre	9	2008
390	2008-09-08	8	252	Martes	2	Septiembre	9	2008
391	2008-09-09	9	253	Miércoles	3	Septiembre	9	2008
392	2008-09-10	10	254	Jueves	4	Septiembre	9	2008
393	2008-09-11	11	255	Viernes	5	Septiembre	9	2008
394	2008-09-12	12	256	Sábado	6	Septiembre	9	2008
395	2008-09-13	13	257	Domingo	7	Septiembre	9	2008
396	2008-09-14	14	258	Lunes	1	Septiembre	9	2008
397	2008-09-15	15	259	Martes	2	Septiembre	9	2008
398	2008-09-16	16	260	Miércoles	3	Septiembre	9	2008
399	2008-09-17	17	261	Jueves	4	Septiembre	9	2008
400	2008-09-18	18	262	Viernes	5	Septiembre	9	2008
401	2008-09-19	19	263	Sábado	6	Septiembre	9	2008
402	2008-09-20	20	264	Domingo	7	Septiembre	9	2008
403	2008-09-21	21	265	Lunes	1	Septiembre	9	2008
404	2008-09-22	22	266	Martes	2	Septiembre	9	2008
405	2008-09-23	23	267	Miércoles	3	Septiembre	9	2008
406	2008-09-24	24	268	Jueves	4	Septiembre	9	2008
407	2008-09-25	25	269	Viernes	5	Septiembre	9	2008
408	2008-09-26	26	270	Sábado	6	Septiembre	9	2008
409	2008-09-27	27	271	Domingo	7	Septiembre	9	2008
410	2008-09-28	28	272	Lunes	1	Septiembre	9	2008
411	2008-09-29	29	273	Martes	2	Septiembre	9	2008
412	2008-09-30	30	274	Miércoles	3	Septiembre	9	2008
413	2008-10-01	1	275	Jueves	4	Octubre	10	2008
414	2008-10-02	2	276	Viernes	5	Octubre	10	2008
415	2008-10-03	3	277	Sábado	6	Octubre	10	2008
416	2008-10-04	4	278	Domingo	7	Octubre	10	2008
417	2008-10-05	5	279	Lunes	1	Octubre	10	2008
418	2008-10-06	6	280	Martes	2	Octubre	10	2008
419	2008-10-07	7	281	Miércoles	3	Octubre	10	2008
420	2008-10-08	8	282	Jueves	4	Octubre	10	2008
421	2008-10-09	9	283	Viernes	5	Octubre	10	2008
422	2008-10-10	10	284	Sábado	6	Octubre	10	2008
423	2008-10-11	11	285	Domingo	7	Octubre	10	2008
424	2008-10-12	12	286	Lunes	1	Octubre	10	2008
425	2008-10-13	13	287	Martes	2	Octubre	10	2008
426	2008-10-14	14	288	Miércoles	3	Octubre	10	2008
427	2008-10-15	15	289	Jueves	4	Octubre	10	2008
428	2008-10-16	16	290	Viernes	5	Octubre	10	2008
429	2008-10-17	17	291	Sábado	6	Octubre	10	2008
430	2008-10-18	18	292	Domingo	7	Octubre	10	2008
431	2008-10-19	19	293	Lunes	1	Octubre	10	2008
432	2008-10-20	20	294	Martes	2	Octubre	10	2008
433	2008-10-21	21	295	Miércoles	3	Octubre	10	2008
434	2008-10-22	22	296	Jueves	4	Octubre	10	2008
435	2008-10-23	23	297	Viernes	5	Octubre	10	2008
436	2008-10-24	24	298	Sábado	6	Octubre	10	2008
437	2008-10-25	25	299	Domingo	7	Octubre	10	2008
438	2008-10-26	26	300	Lunes	1	Octubre	10	2008
439	2008-10-27	27	301	Martes	2	Octubre	10	2008
440	2008-10-28	28	302	Miércoles	3	Octubre	10	2008
441	2008-10-29	29	303	Jueves	4	Octubre	10	2008
442	2008-10-30	30	304	Viernes	5	Octubre	10	2008
443	2008-10-31	31	305	Sábado	6	Octubre	10	2008